영업상태명,상세영업상태명,지번주소,도로명주소
영업/정상,정상영업,서울특별시 종로구 낙원동 288번지 낙원상가,서울특별시 종로구 삼일대로 428 낙원상가 506호 (낙원동)
영업/정상,정상영업,서울특별시 종로구 낙원동 288번지 낙원상가,서울특별시 종로구 삼일대로 428 낙원상가 (낙원동)
영업/정상,정상영업,서울특별시 종로구 예지동 6번지 1호,
영업/정상,정상영업,서울특별시 성동구 성수동1가 656-1208 성수만세주유소,서울특별시 성동구 왕십리로 109 성수만세주유소 (성수동1가)
영업/정상,정상영업,서울특별시 종로구 서린동 33호   ,
영업/정상,정상영업,서울특별시 종로구 창신동 436번지 79  호   ,
영업/정상,정상영업,서울특별시 종로구 종로6가 270번지 3호 동대문종합시장D동상가,서울특별시 종로구 종로 266 동대문종합시장D동상가  동 (종로6가)
영업/정상,정상영업,서울특별시 종로구 청계천로 159,
영업/정상,정상영업,서울특별시 종로구 창신동 23번지 76호 브라운스톤 창신,서울특별시 종로구 지봉로 81 (창신동 브라운스톤 창신)
영업/정상,정상영업,서울특별시 종로구 종로6가 289번지 3 호,서울특별시 종로구 종로 266 (종로6가)
영업/정상,정상영업,서울특별시 종로구 종로6가 289번지 57호,서울특별시 종로구 종로 272 (종로6가)
영업/정상,정상영업,서울특별시 구로구 구로1동 650번지 4호 SK허브수 제B동 제118호제119호제121호~126호,서울특별시  구일로10길 27 B동 1층 (제118호제119호제121호~126호)
영업/정상,정상영업,서울특별시 성북구 길음동 1274번지 67호,서울특별시 성북구 길음로13길 22 (길음동 길음뉴타운7단지두산위브아파트)
영업/정상,정상영업,서울특별시 종로구 예지동 6번지 1호,서울특별시 종로구 창경궁로 88 (예지동)
영업/정상,정상영업,서울특별시 종로구 서린동 33번지 영풍빌딩,서울특별시 종로구 청계천로 41 (서린동)
영업/정상,정상영업,서울특별시 종로구 숭인동 76번지 롯데캐슬천지인 1층,서울특별시 종로구 종로 347 (숭인동)
영업/정상,정상영업,서울특별시 용산구 한강로3가 40번지 999호,서울특별시 용산구 한강대로23길 55 (한강로3가)
영업/정상,정상영업,서울특별시 종로구 인의동 112번지 2호,서울특별시 종로구 창경궁로 109 (인의동)
영업/정상,정상영업,서울특별시 중구 산림동 207번지 1호 세운청계상가,서울특별시 중구 청계천로 160 세운청계상가 (산림동)
영업/정상,정상영업,서울특별시 중구 남창동 49번지,서울특별시 중구 남대문시장4길 21 (남창동)
영업/정상,정상영업,,서울특별시 중구 마장로 30 (신당동)
영업/정상,정상영업,,서울특별시 중구 청계천로 260-9 (을지로6가 통일의류종합상가)
영업/정상,정상영업,서울특별시 중구 충무로4가 120번지 3   호,서울특별시 중구 퇴계로 217 (충무로4가)
영업/정상,정상영업,,서울특별시 중구 삼일대로 363 (장교동)
영업/정상,정상영업,서울특별시 중구 신당동 776호,서울특별시 중구 마장로 19 (신당동)
영업/정상,정상영업,서울특별시 중구 흥인동 3번지 4호,서울특별시 중구 다산로 274 (흥인동)
영업/정상,정상영업,서울특별시 중구 을지로4가 9번지 6호,서울특별시 중구 을지로 157 (을지로4가)
영업/정상,정상영업,,서울특별시 중구 동호로37길 20 (방산동)
영업/정상,정상영업,,서울특별시 중구 다산로 32 (신당동)
영업/정상,정상영업,,서울특별시 중구 마장로1길 28 (신당동)
영업/정상,정상영업,,서울특별시 종로구 종로44길 14 (창신동)
영업/정상,정상영업,,서울특별시 중구 다산로 32 (신당동)
영업/정상,정상영업,,서울특별시 중구 장충단로 13-20 (을지로6가)
영업/정상,정상영업,서울특별시 중랑구 망우3동 410번지 1호,서울특별시 중랑구 용마산로 494 (망우동)
영업/정상,정상영업,,서울특별시 중구 퇴계로 123 (충무로2가)
영업/정상,정상영업,서울특별시 중구 회현동1가 204번지 메사빌딩,서울특별시 중구 남대문시장10길 2 (회현동1가메사빌딩)
영업/정상,정상영업,서울특별시 중구 신당1동 213번지 8호,서울특별시 중구 마장로1길 22 (신당동)
영업/정상,정상영업,서울특별시 중구 신당1동 773번지,서울특별시 중구 마장로 3 (신당동)
영업/정상,정상영업,서울특별시 중구 을지로6가 17번지,서울특별시 중구 장충단로13길 20 (을지로6가)
영업/정상,정상영업,,서울특별시 중구 다산로 56 제지2층 제비203호 (신당동 남산정은스카이아파트)
영업/정상,정상영업,서울특별시 중구 충무로1가 25번지 8호,서울특별시 중구 명동8나길 47 (충무로1가)
영업/정상,정상영업,,서울특별시 중구 마장로 13 (신당동)
영업/정상,정상영업,,서울특별시 중구 남대문로 81 (소공동)
영업/정상,정상영업,서울특별시 중구 봉래동2가 122번지 11호,서울특별시 중구 한강대로 405 (봉래동2가)
영업/정상,정상영업,서울특별시 중구 신당1동 777번지,서울특별시 중구 마장로1길 21 (신당동)
영업/정상,정상영업,,서울특별시 중구 다산로 32 (신당동)
영업/정상,정상영업,서울특별시 중구 을지로6가 18번지 185호,서울특별시 중구 장충단로 263 (을지로6가)
영업/정상,정상영업,,서울특별시 중구 남대문로 30 (남창동)
영업/정상,정상영업,서울특별시 중구 신당동 772호,서울특별시 중구 장충단로 282-10 (신당동)
영업/정상,정상영업,서울특별시 중구 남창동 51번지 1호,
영업/정상,정상영업,서울특별시 중구 소공동 1번지,서울특별시 중구 을지로 30 (소공동 롯데호텔)
영업/정상,정상영업,서울특별시 중구 봉래동2가 120번지 11호,서울특별시 중구 한강대로 405 (봉래동2가)
영업/정상,정상영업,서울특별시 성동구 금호동1가 481번지 5호,서울특별시 성동구 행당로 6 (금호동1가)
영업/정상,정상영업,,서울특별시 중구 장충단로13길 34 (을지로6가)
영업/정상,정상영업,,서울특별시 중구 을지로45길 62 (신당동)
영업/정상,정상영업,,서울특별시 중구 장충단로 275 (을지로6가)
영업/정상,정상영업,,서울특별시 중구 남대문시장8길 7 (남창동)
영업/정상,정상영업,,서울특별시 중구 을지로36길 35 (오장동)
영업/정상,정상영업,,서울특별시 중구 을지로45길 72 (신당동)
영업/정상,정상영업,,서울특별시 중구 명동8가길 27 (충무로2가)
영업/정상,정상영업,,서울특별시 중구 마장로1길 18 (신당동)
영업/정상,정상영업,,서울특별시 중구 소월로 9 (남창동)
영업/정상,정상영업,,서울특별시 중구 을지로 276 (을지로7가 apMPLACE)
영업/정상,정상영업,,서울특별시 중구 마장로 22 (신당동 DDP FASHION MALL)
영업/정상,정상영업,,서울특별시 중구 만리재로 175 401동 91011호 (만리동2가)
영업/정상,정상영업,,서울특별시 중구 퇴계로85길 22 (황학동)
영업/정상,정상영업,서울특별시 중구 을지로6가 18번지 35호,서울특별시 중구 장충단로 253 (을지로6가)
영업/정상,정상영업,서울특별시 중구 봉래동2가 122호,서울특별시 중구 청파로 426 (봉래동2가)
영업/정상,정상영업,서울특별시 중구 신당1동 217번지 91호,서울특별시 중구 청계천로 334 (신당동)
영업/정상,정상영업,서울특별시 중구 남대문로2가 123호,서울특별시 중구 남대문로 67 (남대문로2가)
영업/정상,정상영업,서울특별시 중구 신당동 193번지 2 호,서울특별시 중구 다산로 293 (신당동)
영업/정상,정상영업,서울특별시 중구 황학동 2545번지,서울특별시 중구 청계천로 400-0 (황학동)
영업/정상,정상영업,서울특별시 중구 황학동 2545번지,서울특별시 중구 청계천로 400 (황학동)
영업/정상,정상영업,서울특별시 중구 명동2가 31번지 1호,서울특별시 중구 명동8길 27 (명동2가 엠 플라자)
영업/정상,정상영업,서울특별시 중구 을지로6가 18번지 21호 굿모닝시티쇼핑몰,서울특별시 중구 장충단로 247 (을지로6가굿모닝시티쇼핑몰)
영업/정상,정상영업,서울특별시 중구 명동2가 83번지 5호,서울특별시 중구 명동길 14 (명동2가)
영업/정상,정상영업,서울특별시 용산구 용산동6가 69번지 167호,서울특별시 용산구 이촌로 352 (용산동6가)
영업/정상,정상영업,서울특별시 용산구 한남동 631번지 5호 허준빌딩,서울특별시 용산구 대사관로34길 26 허준빌딩 1층 (한남동)
영업/정상,정상영업,서울특별시 용산구 남영동 93번지 30호,서울특별시 한강대로77길 12
영업/정상,정상영업,,서울특별시 용산구 백범로 341 (원효로1가)
영업/정상,정상영업,서울특별시 용산구 한강로1가 191호   ,
영업/정상,정상영업,서울특별시 용산구 한강로2가 413호   ,서울특별시 용산구 청파로 113-12 (한강로2가)
영업/정상,정상영업,서울특별시 용산구 한강로2가 191호,서울특별시 용산구 한강대로 92 (한강로2가)
영업/정상,정상영업,서울특별시 용산구 한강로2가 15번지 14호,서울특별시 용산구 새창로 181 (한강로2가 선인상가)
영업/정상,정상영업,서울특별시 용산구 보광동 260번지 8호,서울특별시 용산구 보광로 30 (보광동)
영업/정상,정상영업,서울특별시 용산구 서계동 260번지 1호,서울특별시 용산구 효창원로 270 (서계동)
영업/정상,정상영업,서울특별시 용산구 이태원동 119번지 25호,서울특별시 용산구 이태원로 179 (이태원동)
영업/정상,정상영업,서울특별시 용산구 한강로3가 16번지 9호,서울특별시 용산구 청파로 74 (한강로3가)
영업/정상,정상영업,서울특별시 용산구 원효로3가 51번지 30호,서울특별시 용산구 청파로 77 (원효로3가)
영업/정상,정상영업,서울특별시 용산구 용산동6가 69번지 167호,서울특별시 용산구 이촌로 352 (용산동6가)
영업/정상,정상영업,서울특별시 용산구 한강로2가 15번지 19호,서울특별시 용산구 청파로 122 (한강로2가)
영업/정상,정상영업,서울특별시 용산구 한강로2가 413호,서울특별시 용산구 청파로 113-12 (한강로2가)
영업/정상,정상영업,서울특별시 용산구 이태원동 56번지 9호,서울특별시 용산구 이태원로14길 6 (이태원동)
영업/정상,정상영업,서울특별시 성동구 금호동3가 1331번지,서울특별시 성동구 동호로 100 (금호동3가)
영업/정상,정상영업,서울특별시 성동구 왕십리2동 966번지 11호,서울특별시 성동구 왕십리로 333 (하왕십리동)
영업/정상,정상영업,서울특별시 성동구 성수동2가 335번지,서울특별시 성동구 성수이로 32-15 (성수동2가)
영업/정상,정상영업,서울특별시 성동구 성수1가1동 14번지 17호,서울특별시 성동구 아차산로 41 (성수동1가)
영업/정상,정상영업,서울특별시 성동구 용답동 234번지 한국자동차매매센터,서울특별시 성동구 자동차시장1길 70 (용답동 장안평중고자동차시장)
영업/정상,정상영업,서울특별시 성동구 옥수동 220번지 1호 한남하이츠아파트,서울특별시 성동구 독서당로 160 한남하이츠아파트 (옥수동)
영업/정상,정상영업,서울특별시 성동구 행당동 347번지 행당동 대림아파트,서울특별시 성동구 행당로 87 행당동 대림아파트 (행당동)
영업/정상,정상영업,서울특별시 성동구 행당동 346번지 행당 한진타운 종합상가,서울특별시 성동구 행당로 84 행당 한진타운 종합상가 (행당동)
영업/정상,정상영업,서울특별시 성동구 성수동2가 333번지 16호,서울특별시 뚝섬로 379
영업/정상,정상영업,서울특별시 성동구 성수동2가 289번지 4호,서울특별시 성동구 아차산로7길 28 (성수동2가)
영업/정상,정상영업,서울특별시 성동구 마장동 439번지 1호,서울특별시 성동구 마장로35길 68 (마장동)
영업/정상,정상영업,서울특별시 성동구 마장동 510번지 3호 일대,서울특별시 성동구 마장로31길 40 (마장동일대)
영업/정상,정상영업,서울특별시 성동구 왕십리도선동 69번지,서울특별시 성동구 무학로6길 50 (도선동)
영업/정상,정상영업,서울특별시 성동구 행당동 168번지 1호,서울특별시 성동구 왕십리광장로 17 (행당동)
영업/정상,정상영업,서울특별시 성동구 행당동 168번지 151호 왕십리민자역사,서울특별시 성동구 왕십리광장로 17 왕십리민자역사 (행당동)
영업/정상,정상영업,서울특별시 성동구 옥수동 191번지 3호,서울특별시 성동구 한림말길 56 (옥수동)
영업/정상,정상영업,서울특별시 성동구 용답동 49번지 5호,
영업/정상,정상영업,,서울특별시 성동구 왕십리로 241 (행당동)
영업/정상,정상영업,서울특별시 성동구 행당동 155번지 1호 서울숲 더샵,서울특별시 성동구 왕십리로 241 (행당동 서울숲 더샵)
영업/정상,정상영업,서울특별시 광진구 구의2동 49번지 4호,서울특별시 광진구 자양로 293 (구의동)
영업/정상,정상영업,서울특별시 광진구 구의3동 212번지 2호,서울특별시 광진구 아차산로 473 (구의동)
영업/정상,정상영업,서울특별시 광진구 자양동 44번지 2호,서울특별시 광진구 뚝섬로 491 (자양동)
영업/정상,정상영업,서울특별시 광진구 자양동 6번지 20호,서울특별시 광진구 아차산로30길 39 (자양동)
영업/정상,정상영업,서울특별시 광진구 중곡동 229번지 5호,서울특별시 광진구 긴고랑로11길 11 (중곡동)
영업/정상,정상영업,서울특별시 광진구 군자동 503번지,서울특별시 광진구 광나루로 369 (군자동)
영업/정상,정상영업,서울특별시 광진구 중곡2동 41번지 1호,서울특별시 광진구 긴고랑로 60 (중곡동)
영업/정상,정상영업,서울특별시 광진구 화양동 10번지 1호,서울특별시 광진구 능동로13길 39 (화양동)
영업/정상,정상영업,서울특별시 광진구 중곡4동 93번지 2호,서울특별시 광진구 용마산로 10 (중곡동)
영업/정상,정상영업,서울특별시 광진구 중곡동 79번지 13호,서울특별시 광진구 영화사로 12 (중곡동)
영업/정상,정상영업,서울특별시 광진구 자양동 602호,서울특별시 광진구 자양번영로6길 20 (자양동)
영업/정상,정상영업,서울특별시 성북구 돈암동 609번지 1  호   ,
영업/정상,정상영업,서울특별시 광진구 구의동 546번지 4호,서울특별시 광진구 광나루로56길 85 (구의동)
영업/정상,정상영업,서울특별시 광진구 구의동 546번지 4호,서울특별시 광진구 광나루로56길 85 (구의동)
영업/정상,정상영업,서울특별시 광진구 자양동 663번지 21  호,서울특별시 광진구 자양로5길 33 (자양동)
영업/정상,정상영업,서울특별시 광진구 자양동 227번지 7호,서울특별시 광진구 아차산로 272 (자양동)
영업/정상,정상영업,서울특별시 광진구 자양동 227번지 342호 롯데백화점 스타시티점,서울특별시 광진구 능동로 92 (자양동)
영업/정상,정상영업,,서울특별시 마포구 토정로 282 (용강동)
영업/정상,정상영업,서울특별시 마포구 서교동 490번지 1호,서울특별시 마포구 양화로 45 (서교동 메세나폴리스)
영업/정상,정상영업,서울특별시 광진구 자양동 17번지 1호,서울특별시 광진구 아차산로 200 (자양동)
영업/정상,정상영업,서울특별시 광진구 화양동 10번지 1호,서울특별시 광진구 능동로13길 39 (화양동)
영업/정상,정상영업,서울특별시 광진구 중곡동 229번지 15호,서울특별시 광진구 능동로47길 30 (중곡동)
영업/정상,정상영업,서울특별시 광진구 구의동 546번지 1호,서울특별시 광진구 강변역로 50 (구의동)
영업/정상,정상영업,서울특별시 광진구 광장동 484호,서울특별시 광진구 광나루로 635 (광장동)
영업/정상,정상영업,서울특별시 광진구 구의동 611호,서울특별시 광진구 광나루로56길 34 (구의동)
영업/정상,정상영업,서울특별시 광진구 구의동 631번지 1호,서울특별시 광진구 광나루로56길 63 (구의동)
영업/정상,정상영업,서울특별시 동대문구 신설동 109번지 5호,서울특별시 동대문구 천호대로4길 21 (신설동)
영업/정상,정상영업,서울특별시 동대문구 전농1동 591번지 53호,서울특별시 동대문구 왕산로 214 (전농동)
영업/정상,정상영업,서울특별시 동대문구 전농1동 591번지 53호,서울특별시 동대문구 왕산로 214 (전농동)
영업/정상,정상영업,서울특별시 동대문구 장안동 580번지,서울특별시 동대문구 한천로 42 (장안동)
영업/정상,정상영업,서울특별시 동대문구 이문동 292번지 10호,서울특별시 동대문구 이문로 136 (이문동)
영업/정상,정상영업,서울특별시 동대문구 용두동 39번지 1호,서울특별시 동대문구 왕산로34길 26 (용두동 청량리동부청과시장)
영업/정상,정상영업,서울특별시 동대문구 제기동 1140번지 5호,서울특별시 동대문구 왕산로 117 (제기동)
영업/정상,정상영업,서울특별시 동대문구 용두동 787번지 동의보감타워,
영업/정상,정상영업,서울특별시 동대문구 이문1동 292번지 10호 (주)이문종합상가 이문동웰츠타워,
영업/정상,정상영업,서울특별시 동대문구 장안동 108번지 5호,
영업/정상,정상영업,서울특별시 동대문구 회기동 346번지 18 호,
영업/정상,정상영업,서울특별시 동대문구 회기동 346번지 18 호,
영업/정상,정상영업,서울특별시 동대문구 이문동 292번지 10호,서울특별시 동대문구 이문로 136 (이문동)
영업/정상,정상영업,서울특별시 동대문구 제기동 892번지 71호,서울특별시 동대문구 왕산로 109 (제기동)
영업/정상,정상영업,서울특별시 동대문구 장안동 368번지 1호,서울특별시 동대문구 답십리로 288 (장안동)
영업/정상,정상영업,서울특별시 동대문구 이문동 324번지 10호,서울특별시 동대문구 이문로 88 (이문동)
영업/정상,정상영업,서울특별시 동대문구 회기동 346번지 18호,서울특별시 동대문구  이문로  37 (회기동)
영업/정상,정상영업,서울특별시 동대문구 전농동 10번지 외7필지 전농sk아파트 주상가동,서울특별시 동대문구 사가정로 148 (전농동 SK아파트)
영업/정상,정상영업,서울특별시 동대문구 장안동 94번지 27호 외1필지 예신프라자,서울특별시 동대문구 한천로46길 42 (장안동)
영업/정상,정상영업,서울특별시 동대문구 용두동 231번지 5호,
영업/정상,정상영업,서울특별시 동대문구 제기동 650호,
영업/정상,정상영업,서울특별시 동대문구 청량리동 738번지,서울특별시 동대문구 홍릉로 13 (청량리동)
영업/정상,정상영업,서울특별시 성북구 길음동 540번지 2   호   ,
영업/정상,정상영업,서울특별시 동대문구 전농동 647번지 1호,서울특별시 동대문구 서울시립대로 36 (전농동)
영업/정상,정상영업,서울특별시 동대문구 전농동 295번지 52호,서울특별시 동대문구 전농로 147 (전농동)
영업/정상,정상영업,서울특별시 동대문구 답십리동 265번지 5호,
영업/정상,정상영업,서울특별시 동대문구 이문동 292번지 10호,서울특별시 동대문구 이문로 136 (이문동)
영업/정상,정상영업,서울특별시 동대문구 신설동 109번지 5호,
영업/정상,정상영업,서울특별시 동대문구 장안동 580번지,서울특별시 동대문구 한천로 42 (장안동)
영업/정상,영업개시전,서울특별시 동대문구 제기동 1019번지 신관 2층,서울특별시 동대문구 고산자로36길 3 2층 (제기동)
영업/정상,정상영업,서울특별시 중랑구 신내1동 786번지 동성타워프라자,서울특별시 중랑구 봉화산로 221 (신내동)
영업/정상,정상영업,서울특별시 중랑구 중화2동 314번지 1호,서울특별시 중랑구 동일로129길 35 (중화동)
영업/정상,정상영업,,서울특별시 중랑구 망우로 353-0 (상봉동 프레미어스 엠코)
영업/정상,정상영업,,서울특별시 중랑구 면목로74길 45 (면목동)
영업/정상,정상영업,서울특별시 중랑구 망우동 506번지 1호,서울특별시 중랑구 상봉로 118 (망우동)
영업/정상,정상영업,서울특별시 중랑구 묵1동 170번지 1호 외 35필지,서울특별시 중랑구 동일로 932 (묵동)
영업/정상,정상영업,서울특별시 중랑구 상봉동 81호,서울특별시 중랑구 망우로 336 (상봉동)
영업/정상,정상영업,서울특별시 성북구 돈암동 609번지 1호 스카이프라자상가,서울특별시 성북구 성북로4길 52 (돈암동 한신한진아파트)
영업/정상,정상영업,서울특별시 성북구 길음동 535-8535-26540-2540-7,
영업/정상,정상영업,서울특별시 성북구 길음동 535번지8호 535번지26호 540번지2호,
영업/정상,정상영업,서울특별시 성북구 길음1동 1285번지 7호,서울특별시 성북구 오패산로4길 17 (하월곡동)
영업/정상,정상영업,서울특별시 성북구 장위동 316번지 3호,서울특별시 성북구 월계로40길 7 (장위동)
영업/정상,정상영업,서울특별시 성북구 정릉3동 1034번지,서울특별시 성북구 정릉로 307 (정릉동)
영업/정상,정상영업,,서울특별시 성북구 돌곶이로22가길 27 (석관동)
영업/정상,정상영업,,서울특별시 성북구 인촌로2길 37 (보문동4가)
영업/정상,정상영업,서울특별시 성북구 석관동 279번지 39호,서울특별시 성북구 한천로73길 26 (석관동)
영업/정상,정상영업,서울특별시 성북구 돈암동 609번지 1호,서울특별시 성북구 성북로4길 52 (돈암동)
영업/정상,정상영업,,서울특별시 성북구 장월로12길 41-1 (장위동)
영업/정상,정상영업,서울특별시 성북구 길음동 25번지 2호,서울특별시 성북구 도봉로 17 (길음동)
영업/정상,정상영업,서울특별시 성북구 동선동1가 1번지 2호,서울특별시 성북구 동소문로 106 (동선동1가)
영업/정상,정상영업,서울특별시 중랑구 상봉1동 500번지,서울특별시 망우로 353-0 (상봉동 프레미어스 엠코)
영업/정상,정상영업,서울특별시 성북구 하월곡동 230번지 동일하이빌뉴시티아파트,서울특별시 성북구 종암로 167 (하월곡동 동일하이빌뉴시티아파트)
영업/정상,정상영업,,서울특별시 성북구 보문사길 111 (보문동6가 보문파크뷰자이)
영업/정상,정상영업,서울특별시 성북구 보문동4가 1번지 1   호   ,
영업/정상,정상영업,서울특별시 성북구 하월곡동 88번지 345호   ,
영업/정상,정상영업,서울특별시 성북구 석관동 270호   ,
영업/정상,정상영업,서울특별시 성북구 석관동 338번지 18호   ,
영업/정상,정상영업,서울특별시 성북구 장위동 301호   ,
영업/정상,정상영업,서울특별시 성북구 길음동 20번지 1호,서울특별시 성북구 동소문로 315 (길음동 현대백화점미아점)
영업/정상,정상영업,서울특별시 성북구 길음동 535번지 8호,서울특별시 성북구 동소문로 227 (길음동)
영업/정상,정상영업,서울특별시 성북구 길음동 25번지 2호,
영업/정상,정상영업,서울특별시 성북구 길음동 25번지 2호,서울특별시 성북구  도봉로  17 (길음동)
영업/정상,정상영업,서울특별시 성북구 장위동 60번지 1호,
영업/정상,정상영업,서울특별시 성북구 종암동 132번지,서울특별시 성북구 종암로 132 (종암동 종암우림카이저팰리스)
영업/정상,정상영업,서울특별시 성북구 길음동 25번지 2호 신세계 이마트 미아점,서울특별시 성북구 도봉로 17 신세계 이마트 미아점 (길음동)
영업/정상,정상영업,서울특별시 성북구 길음2동 230번지 동일하이빌뉴시티아파트,서울특별시 성북구 종암로 167  동 (하월곡동)
영업/정상,정상영업,,서울특별시 성북구 성북로4길 52 (돈암동 한진아파트)
영업/정상,정상영업,서울특별시 성북구 돈암2동 636번지,서울특별시 성북구 북악산로 844 (돈암동 돈암이수브라운스톤아파트)
영업/정상,정상영업,서울특별시 성북구 길음1동 1284번지 삼성래미안3차아파트,서울특별시 성북구 길음로 33 (길음동 길음뉴타운8단지아파트)
영업/정상,정상영업,서울특별시 성북구 길음1동 1280번지 6호,서울특별시 성북구 길음로 103 (길음동)
영업/정상,정상영업,서울특별시 성북구 월곡1동 62번지 1호,
영업/정상,정상영업,서울특별시 성북구 동소문동5가 75번지,서울특별시 성북구 동소문로 98 (동소문동5가)
영업/정상,정상영업,,서울특별시 강북구 도봉로33길 18 (미아동)
영업/정상,정상영업,서울특별시 강북구 수유동 54번지 5호 수유시장,서울특별시 강북구 도봉로67길 18 수유시장 (수유동)
영업/정상,정상영업,서울특별시 강북구 수유동 32번지 2호 수유중앙시장,서울특별시 강북구 노해로17길 21 수유중앙시장 (수유동)
영업/정상,정상영업,서울특별시 강북구 번1동 413번지 3호,서울특별시 강북구 한천로123길 26 (번동)
영업/정상,정상영업,서울특별시 강북구 미아동 701번지 3호 동북프라자,서울특별시 강북구 솔샘로 233 동북프라자 (미아동)
영업/정상,정상영업,,서울특별시 강북구 노해로23길 68 (수유동)
영업/정상,정상영업,서울특별시 은평구 구산동 1번지 24호,서울특별시 은평구 서오릉로 145 (구산동)
영업/정상,정상영업,서울특별시 강북구 미아동 71번지 1호,서울특별시 강북구 도봉로 52 (미아동)
영업/정상,정상영업,서울특별시 영등포구 도림동 251번지 5호,서울특별시 영등포구 도신로 75 (도림동)
영업/정상,정상영업,서울특별시 강북구 수유동 63번지,서울특별시 강북구 도봉로 261 (수유동 삼호아파트수유프라자)
영업/정상,정상영업,서울특별시 강북구 수유동 63번지,서울특별시 강북구 도봉로 261 (수유동)
영업/정상,정상영업,서울특별시 강북구 미아동 58호,서울특별시 강북구 도봉로 45 (미아동)
영업/정상,정상영업,서울특별시 강북구 미아동 70번지 6   호,서울특별시 강북구 도봉로 62 (미아동)
영업/정상,정상영업,서울특별시 강북구 수유동 179번지 5호,서울특별시 강북구 한천로148길 12-43 (수유동)
영업/정상,정상영업,서울특별시 강북구 수유동 405번지 5호,서울특별시 강북구 삼양로91길 11-12 (수유동)
영업/정상,정상영업,서울특별시 강북구 송중동,서울특별시 강북구 도봉로 34 (미아동)
영업/정상,정상영업,서울특별시 강북구 수유3동 179번지 5호,서울특별시 강북구 한천로148길 12-43 (수유동)
영업/정상,정상영업,서울특별시 강북구 번1동 413번지 3호,서울특별시 강북구 한천로123길 26 (번동)
영업/정상,정상영업,서울특별시 강북구 미아동 1357번지 6호,서울특별시 강북구 삼양로27길 35-21 (미아동)
영업/정상,정상영업,서울특별시 강북구 미아동 1359번지,서울특별시 강북구 삼양로 247 (미아동)
영업/정상,정상영업,서울특별시 강북구 수유1동 54번지 5호,서울특별시 강북구 도봉로67길 18 (수유동)
영업/정상,정상영업,서울특별시 강북구 미아동 1351번지,서울특별시 강북구 도봉로 157 112호 (미아동 두원프라자)
영업/정상,정상영업,서울특별시 도봉구 쌍문동 711번지 금강아미움파크타운,서울특별시 도봉구 방학로5길 33 금강아미움파크타운 (쌍문동 금강아미움파크타운)
영업/정상,정상영업,서울특별시 도봉구 도봉동 657번지,서울특별시 도봉구 마들로 724 (도봉동)
영업/정상,정상영업,서울특별시 도봉구 방학동 271번지 2호,서울특별시 도봉구 방학로 223 (방학동)
영업/정상,정상영업,서울특별시 성북구 장위동 68-225,서울특별시 성북구 장월로12길 41-1 장위전통시장 상인회 (장위동)
영업/정상,정상영업,서울특별시 도봉구 도봉동 30번지 1호 도봉한신쇼핑상가,서울특별시 도봉구 도봉로180나길 41 (도봉동)
영업/정상,정상영업,서울특별시 도봉구 창동 804번지,서울특별시 도봉구 덕릉로63가길 61 (창동)
영업/정상,정상영업,서울특별시 도봉구 창2동 628번지 20호,서울특별시 도봉구 도봉로104길 53 (창동)
영업/정상,정상영업,서울특별시 도봉구 쌍문2동 19번지,서울특별시 도봉구 도당로 10 (쌍문동)
영업/정상,정상영업,서울특별시 도봉구 창1동 651번지 36호,서울특별시 도봉구 도봉로110길 65 (창동)
영업/정상,정상영업,서울특별시 도봉구 창동 581번지 28호,서울특별시 도봉구 덕릉로57길 30 (창동)
영업/정상,정상영업,서울특별시 도봉구 창동 135번지 26호,서울특별시 도봉구 노해로65길 4 (창동)
영업/정상,정상영업,서울특별시 도봉구 창2동 628번지 20호,서울특별시 도봉구 도봉로104길 53 (창동)
영업/정상,정상영업,서울특별시 도봉구 방학3동 271번지 2호,서울특별시 도봉구 방학로 223 (방학동)
영업/정상,정상영업,서울특별시 노원구 월계3동 18번지 그랑빌아파트주상가 지층동 101호,서울특별시 노원구 마들로 31 (월계동)
영업/정상,정상영업,서울특별시 노원구 하계동 284번지 2호,서울특별시 노원구 한글비석로 57 (하계동 세이브존)
영업/정상,정상영업,서울특별시 도봉구 창동 628번지 20호,서울특별시 도봉구 도봉로104길 53 (창동)
영업/정상,정상영업,서울특별시 도봉구 방학동 707번지 7호,서울특별시 도봉구 도봉로 678 (방학동)
영업/정상,정상영업,서울특별시 성북구 보문동7가 25번지 1호,서울특별시 성북구 보문로 61 (보문동7가)
영업/정상,정상영업,서울특별시 노원구 월계동 333번지 1호,서울특별시 노원구 마들로3길 15 (월계동 월계이마트)
영업/정상,정상영업,서울특별시 노원구 중계동 517호,서울특별시 노원구 노원로 330 (중계동 롯데마트)
영업/정상,정상영업,서울특별시 노원구 상계동 292번지 1호,서울특별시 노원구 노해로 507 (상계동)
영업/정상,정상영업,서울특별시 노원구 중계동 506번지 1   호,
영업/정상,정상영업,서울특별시 노원구 상계동 1318번지,서울특별시 노원구 상계로23다길 13-8 (상계동)
영업/정상,정상영업,서울특별시 노원구 상계동 684번지,서울특별시 노원구 한글비석로 471 (상계동)
영업/정상,정상영업,서울특별시 노원구 공릉동 238번지 53호,서울특별시 노원구 공릉로 144 (공릉동 공릉빌딩)
영업/정상,정상영업,서울특별시 노원구 중계동 364번지 17호 유경데파트,서울특별시 노원구 한글비석로 232 (중계동 유경데파트)
영업/정상,정상영업,,서울특별시 노원구 동일로180길 14 (공릉동 공릉종합상가)
영업/정상,정상영업,서울특별시 노원구 상계동 173번지,서울특별시 노원구 한글비석로 396 (상계동)
영업/정상,정상영업,서울특별시 은평구 응암동 427번지 126호   ,서울특별시 은평구 응암로 252 (응암동)
영업/정상,정상영업,,서울특별시 서초구 잠원로 69 (잠원동)
영업/정상,정상영업,서울특별시 은평구 갈현동 467번지 1호,서울특별시 은평구 연서로17길 18-6 (갈현동)
영업/정상,정상영업,서울특별시 은평구 응암동 754번지 1호,
영업/정상,정상영업,서울특별시 은평구 불광동 631번지 1호,서울특별시 은평구 불광로 90-0 (불광동)
영업/정상,정상영업,서울특별시 은평구 역촌동 31번지 6  호   ,
영업/정상,정상영업,서울특별시 은평구 불광동 248호   ,서울특별시 은평구 통일로 780 (불광동)
영업/정상,정상영업,서울특별시 은평구 불광동 308번지 1   호,서울특별시 은평구 통일로 842 (불광동)
영업/정상,정상영업,서울특별시 은평구 구산동 182번지 6  호   ,
영업/정상,정상영업,서울특별시 은평구 진관내동 500번지 2  호   ,
영업/정상,정상영업,서울특별시 은평구 불광동 311번지 13호,서울특별시 은평구 통일로 856 (불광동)
영업/정상,정상영업,서울특별시 은평구 역촌동 17번지 1호,서울특별시 은평구 진흥로 103 (역촌동)
영업/정상,정상영업,서울특별시 은평구 수색동 75번지,서울특별시 은평구 수색로 217 (수색동)
영업/정상,정상영업,서울특별시 은평구 응암동 90번지 1호,서울특별시 은평구 은평로 111 (응암동)
영업/정상,정상영업,서울특별시 은평구 역촌동 31번지 6호,서울특별시 은평구 진흥로1길 28 (역촌동)
영업/정상,정상영업,서울특별시 성북구 길음동 1285번지 두산아파트상가,서울특별시 성북구 길음로13길 22 (길음동)
영업/정상,정상영업,서울특별시 은평구 수색동 205번지 21  호   ,
영업/정상,정상영업,서울특별시 은평구 대조동 240호,서울특별시 은평구 불광로 20 (대조동)
영업/정상,정상영업,서울특별시 강서구 등촌3동 689번지 외 2,서울특별시 강서구 강서로56길 17 (등촌동)
영업/정상,정상영업,서울특별시 은평구 응암동 754번지 1호,
영업/정상,정상영업,서울특별시 은평구 응암동 300번지 11 호   ,
영업/정상,정상영업,서울특별시 성북구 삼선동1가 21번지,서울특별시 성북구 삼선교로 6 (삼선동1가)
영업/정상,정상영업,서울특별시 은평구 불광1동 308번지 1호,서울특별시 은평구 통일로 842 (불광동)
영업/정상,,서울특별시 은평구 대조동 14번지 24호   ,
영업/정상,,서울특별시 은평구 대조동 14번지 37  호   ,
영업/정상,정상영업,서울특별시 서대문구 홍제3동 294번지 6호,서울특별시 통일로 484 (유진상가)
영업/정상,정상영업,서울특별시 서대문구 남가좌동 290번지 2   호,서울특별시 서대문구 수색로2길 45 (남가좌동)
영업/정상,정상영업,,서울특별시 서대문구 수색로2길 47 (남가좌동)
영업/정상,정상영업,서울특별시 서대문구 창천동 30번지 33호,서울특별시 서대문구 신촌로 83 (창천동)
영업/정상,정상영업,서울특별시 서대문구 신촌동 74번지 12  호,서울특별시 서대문구 신촌역로 30 (신촌동)
영업/정상,정상영업,서울특별시 양천구 목4동 727번지 736726738725739724723일대,
영업/정상,정상영업,서울특별시 서대문구 대현동 145번지,서울특별시 서대문구 이화여대1길 10 (대현동)
영업/정상,정상영업,서울특별시 서대문구 연희동 131번지 1호,서울특별시 서대문구 연희맛로 23 (연희동)
영업/정상,정상영업,,서울특별시 서대문구 응암로 54 (북가좌동)
영업/정상,정상영업,서울특별시 서대문구 북가좌동 279번지 11호,서울특별시 서대문구 응암로 112 (북가좌동)
영업/정상,정상영업,서울특별시 서대문구 홍제동 294번지 46호 유진상가,서울특별시 서대문구 통일로 484 유진상가 (홍제동)
영업/정상,정상영업,서울특별시 서대문구 홍제동 469번지 인왕산 한신휴플러스,서울특별시 서대문구 통일로 397 지4층 (홍제동 인왕산 한신휴플러스)
영업/정상,정상영업,서울특별시 서대문구 홍제동 294번지 46호 유진상가,서울특별시 서대문구 통일로 484 유진상가 1층 (홍제동)
영업/정상,정상영업,서울특별시 마포구 신수동 93번지 102호 신촌숲아이파크,서울특별시 마포구 광성로 17 상가동 127호 (신수동 신촌숲아이파크)
영업/정상,정상영업,서울특별시 마포구 구수동 61번지,서울특별시 마포구 토정로 193 (구수동)
영업/정상,정상영업,,서울특별시 마포구 마포대로 109 (공덕동 롯데캐슬프레지던트)
영업/정상,정상영업,서울특별시 마포구 동교동 166번지 14호,서울특별시 마포구 양화로 176 (동교동)
영업/정상,정상영업,서울특별시 마포구 염리동 36번지 249호,서울특별시 마포구 숭문길 96 (염리동)
영업/정상,정상영업,,서울특별시 마포구 큰우물로 3 (대흥동)
영업/정상,정상영업,서울특별시 마포구 공덕동 173번지 대우월드마크마포,서울특별시 마포구 백범로 212 (신공덕동)
영업/정상,정상영업,서울특별시 마포구 신공덕동 173번지,서울특별시 마포구  백범로  212 (신공덕동)
영업/정상,정상영업,서울특별시 마포구 연남동 227번지 15호,서울특별시 마포구 성미산로 198 (연남동)
영업/정상,정상영업,서울특별시 마포구 공덕동 256번지 10호,서울특별시 마포구 만리재로 19 (공덕동)
영업/정상,정상영업,서울특별시 마포구 연남동 573번지 코오롱아파트,서울특별시 마포구 연남로 30 (연남동 코오롱하늘채아파트)
영업/정상,정상영업,서울특별시 마포구 합정동 375번지 1호,서울특별시 마포구 양화진길 5 (합정동)
영업/정상,정상영업,,서울특별시 마포구 신촌로 88 (노고산동)
영업/정상,정상영업,서울특별시 구로구 개봉1동 156번지 18호 외 1필지 대림프라자 101호,서울특별시 구로구 경인로 319 (개봉동외 1필지 대림프라자 101호)
영업/정상,정상영업,서울특별시 마포구 망원2동 480번지 1호,
영업/정상,정상영업,서울특별시 마포구 서교동 485번지 14호,서울특별시 마포구 동교로12길 21 (서교동)
영업/정상,정상영업,서울특별시 마포구 신수동 288번지 1호,서울특별시 마포구 토정로17길 17 (신수동)
영업/정상,정상영업,서울특별시 마포구 망원2동 517번지,서울특별시 마포구 월드컵로25길 26 (망원동)
영업/정상,정상영업,서울특별시 마포구 동교동 166번지 15호,서울특별시 마포구 양화로 176 (동교동)
영업/정상,정상영업,서울특별시 마포구 서교동 357번지 1호,서울특별시 마포구 홍익로3길 20 (서교동)
영업/정상,정상영업,서울특별시 마포구 성산동 533번지 1호,서울특별시 마포구 월드컵로 235 (성산동)
영업/정상,정상영업,서울특별시 마포구 창전동 442번지,서울특별시 마포구 창전로 45 (창전동)
영업/정상,영업개시전,서울특별시 마포구 동교동 190번지 1호,서울특별시 마포구 와우산로35길 50-4 (동교동)
영업/정상,정상영업,서울특별시 서초구 잠원동 70번지 2호,서울특별시 서초구 잠원로 51 (잠원동)
영업/정상,정상영업,서울특별시 양천구 신월5동 20번지 28호 외 1필지,서울특별시 양천구 월정로46길 11 (신월동외 1필지)
영업/정상,정상영업,서울특별시 양천구 신월5동 26번지,서울특별시 양천구 화곡로 59 (신월동)
영업/정상,정상영업,서울특별시 양천구 신정동 1290-4 대우미래사랑5차아파트,서울특별시 양천구 신정로13길 3 대우미래사랑5차아파트 103~105호 (신정동)
영업/정상,정상영업,서울특별시 양천구 신정4동 899번지 7호,서울특별시 양천구 목동로 223 (신정동)
영업/정상,정상영업,서울특별시 양천구 목동 739번지 1호,서울특별시 양천구 목동중앙본로7길 45 (목동)
영업/정상,정상영업,서울특별시 양천구 신월동 928번지 1 호,서울특별시 양천구 지양로 78 (신월동)
영업/정상,정상영업,서울특별시 양천구 목동 916호,서울특별시 양천구 목동동로 257 (목동)
영업/정상,정상영업,서울특별시 양천구 목동 917번지 6호,서울특별시 양천구 목동동로 309 (목동)
영업/정상,정상영업,서울특별시 양천구 신정동 201번지 1호,서울특별시 양천구 목동남로4길 2 (신정동)
영업/정상,정상영업,서울특별시 양천구 신정동 201번지 1호 세양청마루2차 지상1층,서울특별시 양천구 목동남로4길 2 (신정동 세양청마루2차주상복합)
영업/정상,정상영업,서울특별시 양천구 신정4동 988번지 5호,
영업/정상,정상영업,서울특별시 양천구 목5동 903번지 목동3단지아파트 관리동상가 105호,서울특별시 양천구 목동서로 100 105호 (목동목동3단지아파트 관리동상가)
영업/정상,정상영업,서울특별시 양천구 목3동 960번지,서울특별시 양천구 목동중앙북로 7 (목동)
영업/정상,정상영업,서울특별시 양천구 목2동 513번지 514514526527528530번지일대,서울특별시 양천구 공항대로 610 (목동514514526527528530번지일대)
영업/정상,정상영업,서울특별시 양천구 신월2동 446번지 447484463 신월4동427428번지일대,
영업/정상,정상영업,서울특별시 양천구 목3동 602번지 610~618번지일대,
영업/정상,정상영업,서울특별시 양천구 신월1동 105번지 106113114115118119일대,
영업/정상,정상영업,서울특별시 양천구 목1동 962번지 1호 목동트라팰리스 내,서울특별시 양천구 오목로 299 (목동)
영업/정상,정상영업,서울특별시 노원구 공릉동 323번지 35호,서울특별시 노원구 동일로 1101 (공릉동)
영업/정상,영업개시전,서울특별시 양천구 목동 966번지 목동에버하임,서울특별시 양천구 목동중앙북로 68 (목동 목동에버하임)
영업/정상,정상영업,서울특별시 강서구 가양동 54번지 5호,서울특별시 강서구 양천로 410 (가양동)
영업/정상,정상영업,서울특별시 강서구 마곡동 759번지 마곡센트럴타워Ⅱ,서울특별시 강서구 마곡서로 158 마곡센트럴타워Ⅱ 103~110 118 119호 (마곡동)
영업/정상,정상영업,서울특별시 강서구 마곡동 776번지 2호 마곡센트럴대방디엠시티오피스텔,서울특별시 강서구 양천로 344 마곡센트럴대방디엠시티오피스텔 121-12호 (마곡동)
영업/정상,정상영업,서울특별시 강서구 가양동 1458번지 9호 동남빌딩,서울특별시 강서구 허준로 16-12 동남빌딩 (가양동)
영업/정상,정상영업,서울특별시 강서구 마곡동 768번지 2호 동익드미라벨복합빌딩,서울특별시 강서구 마곡서로 101 동익드미라벨복합빌딩 (마곡동)
영업/정상,정상영업,서울특별시 강서구 화곡동 970번지 2호,서울특별시 강서구 까치산로 106 (화곡동)
영업/정상,정상영업,서울특별시 강서구 화곡1동 343번지 52호,서울특별시 강서구 강서로 43 (화곡동)
영업/정상,정상영업,서울특별시 강서구 염창동 267번지 22호,서울특별시 강서구 공항대로59다길 101 (염창동)
영업/정상,정상영업,서울특별시 강서구 화곡3동 1051번지 27호,서울특별시 강서구 강서로 179 (화곡동)
영업/정상,정상영업,,서울특별시 강서구 화곡로 274 (화곡동 외4필지 크라운뷰 1층 104~109)
영업/정상,정상영업,서울특별시 강서구 방화2동 533번지 9호,서울특별시 양천로6길 15
영업/정상,정상영업,서울특별시 강서구 방화동 620호,
영업/정상,정상영업,서울특별시 강서구 내발산동 719번지 6호,서울특별시 강서구 강서로 267 (내발산동)
영업/정상,정상영업,서울특별시 강서구 방화1동 187번지 1호,서울특별시 강서구 방화대로34길 83 (방화동)
영업/정상,정상영업,서울특별시 강서구 화곡4동 830번지 1호,서울특별시 강서구 등촌로5길 80 (화곡동)
영업/정상,정상영업,서울특별시 강서구 방화동 567번지 4호,서울특별시 강서구 방화동로 126 (방화동)
영업/정상,정상영업,서울특별시 강서구 가양동 449번지 19  호,서울특별시 양천로 559 (가양이마트(E-MART))
영업/정상,정상영업,서울특별시 강서구 화곡1동 1071번지 19호,서울특별시 강서구 화곡로18길 24 (화곡동 강서 뉴타워)
영업/정상,정상영업,서울특별시 강서구 염창동 249번지 8호 1층,서울특별시 강서구 양천로 687 1층 (염창동)
영업/정상,정상영업,서울특별시 강서구 화곡동 370번지 76호,서울특별시 강서구 월정로30길 69 (화곡동)
영업/정상,정상영업,서울특별시 강서구 내발산동 719번지 6호,서울특별시 강서구 강서로 267 (내발산동)
영업/정상,정상영업,서울특별시 강서구 염창동 264번지 18호,서울특별시 강서구 공항대로71길 49 (염창동)
영업/정상,정상영업,서울특별시 동작구 대방동 501번지,
영업/정상,정상영업,서울특별시 강서구 방화2동 886번지 외6필지,서울특별시 강서구 하늘길 38 (방화동 롯데몰 김포공항)
영업/정상,정상영업,서울특별시 구로구 고척동 269번지 1   호   ,
영업/정상,정상영업,서울특별시 구로구 구로동 614번지 33  호   ,
영업/정상,정상영업,서울특별시 구로구 고척동 50번지 48  호   ,
영업/정상,정상영업,서울특별시 구로구 구로동 169번지 2   호   ,
영업/정상,정상영업,서울특별시 구로구 개봉동 324번지 1   호   ,
영업/정상,정상영업,서울특별시 구로구 개봉동 361번지 1   호   ,
영업/정상,정상영업,서울특별시 구로구 고척동 103번지 4호,서울특별시 구로구 중앙로3길 50 (고척동 고척산업용품종합상가)
영업/정상,정상영업,서울특별시 구로구 구로동 685번지 140호   ,서울특별시 구로구 구일로10길 93 (구로동)
영업/정상,정상영업,서울특별시 구로구 구로동 604번지 1   호   ,
영업/정상,정상영업,서울특별시 구로구 구로동 636번지 62  호   ,
영업/정상,정상영업,서울특별시 구로구 고척동 73번지 3   호,서울특별시 구로구 경인로 393-7 (고척동 123전자타운)
영업/정상,정상영업,서울특별시 구로구 오류동 47번지 1호,서울특별시 구로구 경인로 192 (오류동)
영업/정상,정상영업,서울특별시 구로구 구로동 1258번지,서울특별시 구로구 경인로53길 15 (구로동)
영업/정상,정상영업,서울특별시 구로구 구로동 604번지 1호,서울특별시 구로구 구로중앙로 198 (구로동)
영업/정상,정상영업,서울특별시 구로구 구로동 614번지 33호,서울특별시 구로구 구로중앙로 237 (구로동)
영업/정상,정상영업,서울특별시 구로구 고척동 103번지 4호,서울특별시 구로구 경인로43길 42 (고척동 고척산업용품상가)
영업/정상,정상영업,서울특별시 구로구 고척동 269번지 1호,서울특별시 구로구 고척로40길 19 (고척동)
영업/정상,정상영업,서울특별시 구로구 고척동 50번지 48호,서울특별시 구로구 중앙로 64 (고척동)
영업/정상,정상영업,서울특별시 구로구 개봉동 361번지 1호,서울특별시 구로구 개봉로3길 51 (개봉동)
영업/정상,정상영업,서울특별시 은평구 신사1동 20번지 7호,서울특별시 은평구 갈현로 10 (신사동)
영업/정상,정상영업,서울특별시 구로구 구로동 3번지 25호 외 31필지,서울특별시 구로구 새말로 97 (구로동외 31필지)
영업/정상,정상영업,서울특별시 구로구 구로동 501번지,서울특별시 구로구 구로중앙로 134 (구로동)
영업/정상,정상영업,서울특별시 서초구 잠원동 70번지 5호 뉴코아백화점빌딩,서울특별시 서초구 잠원로 37-6 (잠원동 뉴코아백화점빌딩)
영업/정상,정상영업,서울특별시 구로구 구로동 685번지 140호,서울특별시 구로구 구일로10길 93 (구로동)
영업/정상,정상영업,서울특별시 구로구 구로동 3번지 25호 외 31필지,서울특별시 구로구 새말로 97 (구로동외 31필지)
영업/정상,정상영업,서울특별시 구로구 구로동 188번지 26호,서울특별시 구로구 디지털로32길 43 (구로동)
영업/정상,정상영업,서울특별시 구로구 구로동 736번지 1   호   ,
영업/정상,정상영업,서울특별시 구로구 오류동 38번지 7   호   ,
영업/정상,정상영업,서울특별시 구로구 신도림동 692번지,서울특별시 구로구 경인로 662 (신도림동)
영업/정상,정상영업,서울특별시 구로구 고척동 83번지 6호,서울특별시 구로구 중앙로3길 49 (고척동)
영업/정상,정상영업,서울특별시 구로구 구로동 636번지 62호,서울특별시 구로구 경인로54길 4 (구로동)
영업/정상,정상영업,서울특별시 구로구 고척동 73번지 3호,서울특별시 구로구 경인로 393-7 (고척동)
영업/정상,,서울특별시 구로구 구로동 188번지 26  호   ,
영업/정상,정상영업,서울특별시 금천구 독산동 291번지 5호,서울특별시 금천구 시흥대로 399 (독산동)
영업/정상,정상영업,서울특별시 금천구 독산동 957번지,서울특별시 금천구 남부순환로120길 23 (독산동)
영업/정상,정상영업,서울특별시 금천구 시흥동 984번지,서울특별시 금천구 시흥대로 97 (시흥동 시흥유통상가)
영업/정상,정상영업,서울특별시 금천구 가산동 60번지 20호,서울특별시 금천구 벚꽃로 266 (가산동)
영업/정상,정상영업,서울특별시 금천구 시흥동 1002번지 1호   ,서울특별시 금천구 시흥대로47길 43 (시흥동)
영업/정상,정상영업,서울특별시 금천구 시흥동 966호,서울특별시 금천구 시흥대로 46 (시흥동)
영업/정상,정상영업,서울특별시 금천구 가산동 60번지 8호,서울특별시 금천구 디지털로10길 9 (가산동)
영업/정상,정상영업,서울특별시 은평구 불광1동 239번지 9호,서울특별시 은평구 불광로 121 (불광동)
영업/정상,정상영업,,서울특별시 금천구 가산로 106 (가산동)
영업/정상,정상영업,서울특별시 금천구 시흥동 984번지 6호   ,서울특별시 금천구 시흥대로 109 (시흥동)
영업/정상,정상영업,서울특별시 금천구 독산동 293번지 5호   ,서울특별시 금천구 범안로 1209 (독산동)
영업/정상,정상영업,서울특별시 금천구 독산동 295번지 10  호 외 5,서울특별시 금천구 두산로 71 (독산동)
영업/정상,정상영업,서울특별시 금천구 시흥동 884번지 5호   ,서울특별시 금천구 시흥대로52길 70 (시흥동)
영업/정상,정상영업,서울특별시 영등포구 영등포동 618번지 496호,
영업/정상,정상영업,서울특별시 금천구 가산동 60번지 22호,서울특별시 금천구 디지털로 185 (가산동)
영업/정상,정상영업,서울특별시 금천구 가산동 60번지 19호,서울특별시 금천구 벚꽃로 278 (가산동)
영업/정상,정상영업,서울특별시 금천구 독산동 1150번지 금천롯데캐슬골드파크2차,서울특별시 금천구 벚꽃로 30 (독산동 금천롯데캐슬골드파크2차)
영업/정상,정상영업,서울특별시 금천구 독산동 441번지 14호,
영업/정상,정상영업,서울특별시 금천구 독산동 1156번지 금천롯데캐슬골드파크4차,서울특별시 금천구 시흥대로 315 금천롯데캐슬골드파크4차 (독산동)
영업/정상,,서울특별시 금천구 시흥동 831번지 6호   ,서울특별시 금천구 금하로 705 (시흥동)
영업/정상,,서울특별시 금천구 독산동 291번지 7호   ,서울특별시 금천구 시흥대로 391 (독산동)
영업/정상,,서울특별시 금천구 독산동 291번지 7호   ,서울특별시 금천구 시흥대로 391 (독산동)
영업/정상,정상영업,서울특별시 영등포구 문래동3가 55호,서울특별시 영등포구 당산로 34 (문래동3가)
영업/정상,정상영업,서울특별시 영등포구 양평동3가 65호,서울특별시 영등포구 선유로 156 (양평동3가)
영업/정상,정상영업,서울특별시 영등포구 영등포동5가 18번지 1호,서울특별시 영등포구 영등포로 225 (영등포동5가)
영업/정상,정상영업,,서울특별시 영등포구 선유로 138 (양평동3가)
영업/정상,정상영업,서울특별시 영등포구 양평동3가 65호   ,서울특별시 영등포구 선유로 156 (양평동3가)
영업/정상,정상영업,서울특별시 영등포구 영등포동5가 20호   ,
영업/정상,정상영업,서울특별시 영등포구 여의도동 42번지 1   호   ,
영업/정상,정상영업,서울특별시 영등포구 당산동3가 2번지 7 호   ,
영업/정상,정상영업,서울특별시 영등포구 도림동 176호   ,
영업/정상,정상영업,서울특별시 영등포구 양평동1가 30호   ,서울특별시 영등포구 선유동1로 5 (양평동1가)
영업/정상,정상영업,서울특별시 영등포구 신길동 259호   ,
영업/정상,정상영업,서울특별시 영등포구 신길동 116번지 15호   ,서울특별시 영등포구 도신로60길 7 (신길동)
영업/정상,정상영업,서울특별시 영등포구 대림동 963호   ,
영업/정상,정상영업,서울특별시 영등포구 대림동 717호   ,서울특별시 영등포구 대림로29길 13 (대림동)
영업/정상,정상영업,서울특별시 영등포구 당산동1가 9번지 1   호   ,
영업/정상,정상영업,서울특별시 영등포구 영등포동5가 20호   ,
영업/정상,정상영업,서울특별시 영등포구 영등포동5가 20호   ,
영업/정상,정상영업,서울특별시 영등포구 영등포동5가 20호   ,
영업/정상,정상영업,서울특별시 영등포구 영등포동5가 24호   ,서울특별시 영등포구 영등포로37길 4 (영등포동5가)
영업/정상,정상영업,서울특별시 영등포구 문래동3가 16호   ,
영업/정상,정상영업,,서울특별시 영등포구 여의대방로 65 (신길동)
영업/정상,정상영업,서울특별시 영등포구 여의도동 22번지,서울특별시 영등포구 여의대로 108 (여의도동)
영업/정상,정상영업,서울특별시 영등포구 영등포동8가 62번지 1호,서울특별시 영등포구 영중로 125 (영등포동8가)
영업/정상,정상영업,서울특별시 영등포구 여의도동 47번지 여의도자이(아) 지하 1층,서울특별시 영등포구 여의동로3길 10 (여의도동여의도자이(아) 지하 1층)
영업/정상,정상영업,서울특별시 영등포구 영등포동4가 441번지 10호 타임스퀘어,서울특별시 영등포구 영중로 15 (영등포동4가)
영업/정상,정상영업,서울특별시 성북구 월곡2동 46번지 73호,서울특별시 성북구 화랑로 76 (하월곡동 코업스타클래스)
영업/정상,정상영업,서울특별시 영등포구 여의도동 23번지,서울특별시 영등포구 국제금융로 10 (여의도동)
영업/정상,정상영업,서울특별시 영등포구 대림1동 909번지 2호,서울특별시 영등포구 신길로 41 (대림동)
영업/정상,정상영업,,서울특별시 영등포구 여의동로3길 10 (여의도동)
영업/정상,정상영업,서울특별시 종로구 종로1가 1번지,서울특별시 종로구 종로 1 (종로1가)
영업/정상,정상영업,서울특별시 영등포구 대림동 717 대림동 쌍용 플래티넘-S,서울특별시 영등포구 대림로29길 13 (대림동 대림동 쌍용 플래티넘-S)
영업/정상,정상영업,서울특별시 노원구 중계동 360번지 2호,서울특별시 노원구 중계로 225 (중계동)
영업/정상,정상영업,서울특별시 강서구 가양동 18번지 24호,서울특별시 강서구 양천로 431 (가양동 홈플러스)
영업/정상,정상영업,서울특별시 강서구 등촌동 639번지 11호,서울특별시 강서구  화곡로  398 (등촌동)
영업/정상,정상영업,서울특별시 동작구 상도4동 255번지 4호,서울특별시 동작구 성대로 43 (상도동)
영업/정상,정상영업,서울특별시 구로구 신도림동 337번지 신도림1차푸르지오,서울특별시 구로구 경인로 661 신도림1차푸르지오 (신도림동)
영업/정상,정상영업,서울특별시 동작구 흑석동 332번지,서울특별시 동작구 서달로 150 (흑석동)
영업/정상,정상영업,서울특별시 동작구 상도동 324번지 1호,서울특별시 동작구 상도로 102 (상도동 성대시장)
영업/정상,정상영업,서울특별시 동작구 사당동 147번지 29호 이수자이,서울특별시 동작구 사당로 300 (사당동 이수자이)
영업/정상,정상영업,서울특별시 동작구 사당동 105번지 우성아파트3단지  제비101호,서울특별시 동작구 동작대로29길 119 (사당동)
영업/정상,정상영업,서울특별시 동작구 상도2동 414번지,서울특별시 동작구 만양로 26 (상도동)
영업/정상,정상영업,서울특별시 동작구 상도동 530번지,서울특별시 동작구  양녕로  170 (상도동)
영업/정상,정상영업,서울특별시 동작구 상도동 531번지 상가2동 지상1층 101~105호,서울특별시 동작구 상도로 346-1 (상도동 상도엠코타운 센트럴파크)
영업/정상,정상영업,,서울특별시 동작구 여의대방로 30 에이동동 101호 (신대방동 현대상가)
영업/정상,정상영업,서울특별시 동작구 사당3동 252번지 22호,서울특별시 동작구 사당로 215 (사당동)
영업/정상,정상영업,서울특별시 송파구 삼전동 9번지 제이 플레이스,서울특별시 송파구 백제고분로 207 (삼전동 제이 플레이스)
영업/정상,영업개시전,서울특별시 동작구 사당동 136번지 1호,서울특별시 동작구 동작대로 115 (사당동)
영업/정상,정상영업,,서울특별시 관악구 조원로16길 27 (신림동)
영업/정상,정상영업,서울특별시 관악구 대학동 1523번지,서울특별시 관악구 신림로23길 16 (신림동)
영업/정상,정상영업,,서울특별시 관악구 청림6길 3 110113호 (봉천동 관악푸르지오 상가)
영업/정상,정상영업,,서울특별시 관악구 난곡로26길 4 (신림동)
영업/정상,정상영업,서울특별시 관악구 봉천동 10번지 4호 외14필지,서울특별시 관악구 청림3길 10 (봉천동)
영업/정상,정상영업,서울특별시 관악구 봉천동 1638번지 20호,서울특별시 관악구 남부순환로248길 35 (봉천동)
영업/정상,정상영업,서울특별시 관악구 미성동 607번지 73호,서울특별시 관악구 난곡로 220 (신림동)
영업/정상,정상영업,서울특별시 관악구 보라매동 729호 22통 롯데백화점,서울특별시  봉천로 209
영업/정상,정상영업,서울특별시 광진구 중곡2동 157번지 1호,서울특별시 광진구 능동로 314 (중곡동)
영업/정상,정상영업,서울특별시 관악구 봉천동 1567번지 1호,서울특별시 관악구 쑥고개로 111 (봉천동)
영업/정상,정상영업,서울특별시 관악구 봉천동 1629번지 2호,서울특별시 관악구 봉천로 576 (봉천동)
영업/정상,정상영업,서울특별시 관악구 봉천동 951번지 25호   ,
영업/정상,정상영업,서울특별시 관악구 봉천동 951번지 25호   ,
영업/정상,정상영업,서울특별시 관악구 봉천동 502번지 4호,서울특별시 관악구 양녕로 49 (봉천동)
영업/정상,정상영업,서울특별시 관악구 신림동 1426번지 7호,
영업/정상,정상영업,서울특별시 관악구 봉천동 31번지 1호,서울특별시 관악구 관악로 212 (봉천동)
영업/정상,정상영업,서울특별시 관악구 봉천동 1000호,서울특별시 관악구 관악로40길 47 (봉천동)
영업/정상,정상영업,서울특별시 관악구 신림동 1694호,서울특별시 관악구 신림로29길 8 (신림동)
영업/정상,정상영업,서울특별시 관악구 신림동 1422번지 5호,서울특별시 관악구 신림로 340 (신림동)
영업/정상,정상영업,서울특별시 관악구 봉천동 862번지 1호,서울특별시 관악구 남부순환로 1820 (봉천동)
영업/정상,정상영업,서울특별시 서초구 방배본동 755번지 5호,서울특별시 서초구 방배중앙로 198 (방배동)
영업/정상,정상영업,서울특별시 서초구 반포동 1141번지,서울특별시 서초구 신반포로 23 (반포동)
영업/정상,정상영업,서울특별시 서초구 서초2동 1332번지 2호,서울특별시 서초구 사임당로 151 (서초동)
영업/정상,정상영업,서울특별시 서초구 방배1동 816번지 1호,서울특별시 방배로33길 29
영업/정상,정상영업,,서울특별시 서초구 효령로 304 (서초동)
영업/정상,정상영업,,서울특별시 서초구 신반포로3길 8 (반포동)
영업/정상,정상영업,,서울특별시 송파구 가락로28길 7 (송파동)
영업/정상,정상영업,,서울특별시 서초구 사임당로 130 (서초동)
영업/정상,정상영업,,서울특별시 서초구 방배천로16길 18 (방배동)
영업/정상,정상영업,,서울특별시 서초구 신반포로15길 29 (반포동)
영업/정상,정상영업,,서울특별시 서초구 서초중앙로22길 25 (서초동)
영업/정상,정상영업,,서울특별시 서초구 서초중앙로 188 (서초동)
영업/정상,정상영업,,서울특별시 서초구 매헌로 16 (양재동)
영업/정상,정상영업,,서울특별시 서초구 강남대로 465 (서초동)
영업/정상,정상영업,,서울특별시 서초구 방배로33길 29 (방배동)
영업/정상,정상영업,,서울특별시 서초구 양재대로 159 (양재동)
영업/정상,정상영업,,서울특별시 서초구 신반포로3길 8 (반포동)
영업/정상,정상영업,서울특별시 서초구 서초동 1498번지 5호  (영업장 지하1층지하2층),
영업/정상,정상영업,서울특별시 서초구 서초동 1335번지,서울특별시 서초구 효령로 391 (서초동 무지개아파트)
영업/정상,정상영업,서울특별시 서초구 반포동 19번지 4   호,서울특별시 서초구 신반포로 194 (반포동)
영업/정상,정상영업,서울특별시 서초구 양재동 215호 하이브랜드 지하1층,서울특별시 서초구 매헌로 16 (양재동하이브랜드 지하1층)
영업/정상,정상영업,,서울특별시 서초구 나루터로 32 (잠원동)
영업/정상,정상영업,,서울특별시 서초구 고무래로 90-7 (서초동)
영업/정상,정상영업,,서울특별시 서초구 서초중앙로 220 (반포동)
영업/정상,정상영업,서울특별시 서초구 반포동 19번지 3호,서울특별시 서초구 신반포로 176 (반포동)
영업/정상,영업개시전,서울특별시 서초구 방배동 795번지 1호,서울특별시 서초구 방배로37길 11 1층 (방배동 삼호회관)
영업/정상,정상영업,서울특별시 강남구 압구정동 454호,서울특별시 강남구 압구정로29길 72-1 (압구정동)
영업/정상,정상영업,서울특별시 강남구 청담동 134번지 20호,서울특별시 강남구 학동로101길 26 (청담동)
영업/정상,정상영업,서울특별시 강남구 대치동 500호,서울특별시 강남구 남부순환로 2912 (대치동 개포우성아파트)
영업/정상,정상영업,서울특별시 강남구 대치동 626호,서울특별시 강남구 남부순환로 2917 (대치동)
영업/정상,정상영업,서울특별시 강남구 대치동 977번지 12  호,서울특별시 강남구 삼성로64길 41 (대치동)
영업/정상,정상영업,서울특별시 강남구 개포동 12호,서울특별시 강남구 개포로109길 5 (개포동 대청아파트)
영업/정상,정상영업,서울특별시 강남구 개포동 12호,서울특별시 강남구 개포로109길 21 (개포동 대청아파트)
영업/정상,정상영업,서울특별시 강남구 대치동 937호,서울특별시 강남구 도곡로 401 (대치동)
영업/정상,정상영업,,서울특별시 강남구 테헤란로87길 22-0 (삼성동)
영업/정상,정상영업,,서울특별시 강남구 강남대로 432 (역삼동 점프밀라노)
영업/정상,정상영업,,서울특별시 강남구 삼성로 633 1층 (삼성동 삼광빌딩)
영업/정상,정상영업,서울특별시 강남구 삼성1동 159번지 8호 그랜드인터콘티넨탈호텔(지하1층),서울특별시 강남구 테헤란로 521 (삼성동)
영업/정상,정상영업,서울특별시 강남구 삼성동 159호,서울특별시 강남구 봉은사로 524 (삼성동)
영업/정상,정상영업,서울특별시 강남구 압구정1동 456번지,서울특별시 압구정로 201 (구현대아파트)
영업/정상,정상영업,서울특별시 강남구 대치동 623번지,서울특별시 강남구 남부순환로 2921 (대치동)
영업/정상,정상영업,서울특별시 강남구 압구정동 515호,서울특별시 강남구 압구정로 407 (압구정동 갤러리아백화점)
영업/정상,정상영업,서울특별시 강남구 역삼동 755번지,서울특별시 강남구 역삼로 310 (역삼동)
영업/정상,정상영업,서울특별시 강남구 논현2동 108번지,서울특별시 강남구 학동로43길 38 (논현동)
영업/정상,정상영업,서울특별시 강남구 도곡2동 467번지 7호 아카데미스위트 에이동B101B102B201,서울특별시 강남구 남부순환로 2804 (도곡동 아카데미스위트)
영업/정상,정상영업,서울특별시 강남구 삼성2동 121번지 38호,서울특별시 강남구 삼성로103길 12 (삼성동)
영업/정상,정상영업,서울특별시 강남구 청담동 4번지 1호 외 9필지,서울특별시 강남구 도산대로 442 (청담동)
영업/정상,정상영업,서울특별시 강남구 논현1동 140번지 외 44필지,서울특별시 강남구 강남대로124길 22 3층 301호 (논현동)
영업/정상,정상영업,,서울특별시 강남구 학동로4길 15 (논현동)
영업/정상,정상영업,서울특별시 강남구 삼성동 159번지 1호 외,서울특별시 강남구 영동대로 513 (삼성동)
영업/정상,정상영업,서울특별시 강남구 역삼1동 796번지 29호,서울특별시 강남구 논현로63길 16 (역삼동)
영업/정상,정상영업,,서울특별시 강남구 도산대로85길 30 (청담동)
영업/정상,정상영업,,서울특별시 강남구 역삼로 230 (역삼동)
영업/정상,정상영업,,서울특별시 강남구 역삼로8길 15 (역삼동)
영업/정상,정상영업,,서울특별시 강남구 언주로122길 25 (논현동 두산위브아파트)
영업/정상,정상영업,,서울특별시 강남구 도산대로35길 39 (신사동)
영업/정상,정상영업,,서울특별시 강남구 봉은사로103길 5 (삼성동)
영업/정상,정상영업,,서울특별시 강남구 언주로 123 (도곡동 개포한신아파트)
영업/정상,정상영업,서울특별시 강남구 논현동 140번지,서울특별시 강남구 강남대로128길 128-20 1층 101104106호 (논현동 영동프라자)
영업/정상,정상영업,서울특별시 강남구 대치동 511번지 한보미도맨션,서울특별시 강남구 삼성로 150 (대치동 한보미도맨션)
영업/정상,정상영업,서울특별시 강남구 역삼동 755번지,서울특별시 강남구 역삼로 310 (역삼동)
영업/정상,정상영업,서울특별시 강남구 논현동 227번지 4호,서울특별시 강남구 봉은사로33길 33 (논현동)
영업/정상,정상영업,서울특별시 강남구 논현동 105번지 7호,서울특별시 강남구 언주로 726 (논현동 두산빌딩)
영업/정상,정상영업,서울특별시 강남구 일원동 711번지 1호,서울특별시 강남구 양재대로55길 6 (일원동 도시개발아파트)
영업/정상,정상영업,서울특별시 강남구 역삼동 826번지 14호   ,
영업/정상,정상영업,서울특별시 강남구 압구정동 429번지,서울특별시 강남구 압구정로 165 (압구정동 현대백화점본점)
영업/정상,정상영업,서울특별시 강남구 삼성동 159번지 7호,서울특별시 강남구 테헤란로 517 (삼성동 무역센터현대백화점)
영업/정상,영업개시전,서울특별시 용산구 한강로3가 63-70,서울특별시 용산구 서빙고로 17 용산해링턴스퀘어 C동 1층 111~115호 (한강로3가)
영업/정상,정상영업,,서울특별시 강남구 압구정로18길 25 (신사동 한국산업양행빌딩)
영업/정상,정상영업,서울특별시 강남구 논현동 164번지 5호 외 3필지,
영업/정상,정상영업,서울특별시 노원구 공릉2동 89번지 1호  대덕프라자 지층 101~102호,서울특별시 노원구 노원로1길 67 (공릉동)
영업/정상,정상영업,서울특별시 송파구 석촌동 235번지 17호,서울특별시 송파구 백제고분로34길 3 (석촌동)
영업/정상,정상영업,서울특별시 송파구 오금동 615번지,서울특별시 송파구 양재대로72길 5 (오금동)
영업/정상,정상영업,서울특별시 송파구 방이2동 63번지 11호,서울특별시 송파구 올림픽로32길 20 (방이동)
영업/정상,정상영업,서울특별시 송파구 풍납2동 400번지 5호   101호,서울특별시 송파구 강동대로9길 20 (풍납동)
영업/정상,정상영업,서울특별시 송파구 마천동 140번지 2호,서울특별시 송파구 마천로45길 23 (마천동)
영업/정상,정상영업,서울특별시 송파구 잠실동 101번지 1호,서울특별시 송파구 올림픽로4길 40 (잠실동)
영업/정상,정상영업,서울특별시 송파구 석촌동 277번지 2호,서울특별시 송파구 가락로 103 (석촌동)
영업/정상,정상영업,서울특별시 송파구 문정동 516번지,서울특별시 송파구 충민로 66 (문정동)
영업/정상,정상영업,서울특별시 송파구 마천동 181호,서울특별시 송파구 마천로 315 (마천동)
영업/정상,정상영업,서울특별시 송파구 잠실동 27번지 6호,서울특별시 송파구 올림픽로 203 (잠실동)
영업/정상,정상영업,서울특별시 송파구 풍납동 163번지,서울특별시 송파구  올림픽로51길  52 (풍납동)
영업/정상,정상영업,서울특별시 송파구 오금동 615번지  올림픽파크동부센트레빌 상가,서울특별시 송파구 양재대로72길 5 (오금동)
영업/정상,정상영업,서울특별시 송파구 송파1동 121번지,서울특별시 송파구 가락로 183 (송파동)
영업/정상,정상영업,서울특별시 송파구 가락2동 140번지,서울특별시 송파구 동남로 189 (가락동)
영업/정상,정상영업,서울특별시 송파구 신천동 7번지 18호,서울특별시 송파구 올림픽로 269 (신천동)
영업/정상,정상영업,서울특별시 송파구 잠실3동 40번지 1호 롯데월드,서울특별시 송파구 올림픽로 240 (잠실동)
영업/정상,정상영업,,서울특별시 송파구 동남로 189 (가락동 쌍용아파트)
영업/정상,정상영업,,서울특별시 송파구 오금로31가길 20 (방이동 대림아파트)
영업/정상,정상영업,서울특별시 송파구 방이동 89번지 11호 프라자상가,서울특별시 송파구 양재대로 1222 (방이동)
영업/정상,정상영업,서울특별시 송파구 잠실동 40번지 1호,서울특별시 송파구 올림픽로 240 (잠실동)
영업/정상,정상영업,서울특별시 송파구 잠실동 40번지 1호,서울특별시 송파구 올림픽로 240 (잠실동)
영업/정상,정상영업,서울특별시 송파구 문정동 150번지 2호,서울특별시 송파구 중대로 80 (문정동)
영업/정상,정상영업,서울특별시 송파구 잠실동 40호,서울특별시 송파구 올림픽로 212 (잠실동)
영업/정상,정상영업,서울특별시 송파구 잠실2동 19번지 8호,서울특별시 송파구 올림픽로 111 (잠실동)
영업/정상,정상영업,서울특별시 송파구 잠실3동 35번지 2호,서울특별시 송파구 석촌호수로 61 (잠실동)
영업/정상,정상영업,,서울특별시 송파구 법원로 55 상가D동 401외 5호 (문정동 송파아이파크)
영업/정상,정상영업,서울특별시 송파구 신천동 29번지,서울특별시 송파구 올림픽로 300-0 (신천동)
영업/정상,정상영업,,서울특별시 송파구 송파대로 111-0 (문정동)
영업/정상,정상영업,,서울특별시 송파구 올림픽로 203 (잠실동)
영업/정상,정상영업,서울특별시 송파구 신천동 29번지,
영업/정상,정상영업,서울특별시 송파구 신천동 29번지 롯데월드타워앤드롯데월드몰,서울특별시 송파구 올림픽로 300 롯데월드타워앤드롯데월드몰 (신천동)
영업/정상,정상영업,,서울특별시 송파구 올림픽로 435 (신천동 파크리오아파트)
영업/정상,정상영업,,서울특별시 송파구 오금로46길 49 (가락동)
영업/정상,정상영업,,서울특별시 송파구 오금로32길 32 (송파동)
영업/정상,정상영업,서울특별시 강동구 고덕동 217번지 고덕그라시움아파트(상가1동),서울특별시 강동구 고덕로 353 고덕그라시움아파트(상가1동) 지하1층 108-119128호 (고덕동)
영업/정상,정상영업,서울특별시 강동구 성내동 428번지 2호,서울특별시 강동구 양재대로89길 16 (성내동)
영업/정상,정상영업,서울특별시 강동구 천호동 454번지 1호,서울특별시 강동구 천호대로 1017 (천호동)
영업/정상,정상영업,서울특별시 강동구 천호동 422번지 2호,
영업/정상,정상영업,서울특별시 강동구 성내동 25번지 1호,서울특별시 강동구 천호대로162길 34 (성내동)
영업/정상,정상영업,서울특별시 강동구 길동 414번지 10호,서울특별시 강동구 진황도로 99 (길동)
영업/정상,정상영업,서울특별시 강동구 길동 339번지 1호,서울특별시 강동구 양재대로124길 32 (길동)
영업/정상,정상영업,서울특별시 강동구 명일1동 312번지 99호,서울특별시 강동구 양재대로 1630 (명일동)
영업/정상,정상영업,서울특별시 강동구 천호동 455번지 8호,서울특별시 강동구 천호대로 1005 (천호동 현대백화점)
영업/정상,정상영업,서울특별시 강동구 명일동 46번지 4 호,서울특별시 강동구 고덕로 276 (명일동)
영업/정상,정상영업,서울특별시 강동구 길동 384번지 1호,서울특별시 강동구 성안로 176 (길동)
영업/정상,정상영업,서울특별시 강동구 명일동 48번지,서울특별시 강동구  고덕로62길  55 (명일동)
영업/정상,정상영업,서울특별시 강동구 암사3동 414번지 18호 강동롯데캐슬퍼스트아파트,서울특별시 강동구 고덕로 133 (암사동)
영업/정상,정상영업,서울특별시 강동구 성내1동 451번지,서울특별시 강동구 올림픽로 528 (성내동)
영업/정상,정상영업,,서울특별시 강동구 고덕로 99 (암사동)
영업/정상,정상영업,서울특별시 강동구 길동 391번지 2호,서울특별시 강동구 양재대로 1486 (길동)
영업/정상,,서울특별시 강동구 명일동 46번지 4호   ,
영업/정상,,서울특별시 강동구 암사3동 451번지 16호,
영업/정상,정상영업,서울특별시 양천구 목동 966번지 목동에버하임,서울특별시 양천구 목동중앙북로 68 (목동 목동에버하임)
영업/정상,정상영업,서울특별시 중구 충무로1가 52번지 5호 신세계백화점건물,서울특별시 중구 소공로 63 (충무로1가신세계백화점건물)
영업/정상,정상영업,서울특별시 마포구 공덕동 256번지 5호 마포시장,서울특별시 마포구 마포대로6길 16 마포시장 (공덕동)
영업/정상,정상영업,서울특별시 동대문구 용두동 33번지 1호,서울특별시 동대문구 천호대로 133 (용두동)
영업/정상,정상영업,서울특별시 영등포구 영등포동4가 434번지 5호 신세계백화점,서울특별시 영등포구 영중로 9 (영등포동4가 신세계백화점)
영업/정상,정상영업,서울특별시 금천구 시흥동 992번지 47호,서울특별시 금천구 시흥대로 201 (시흥동)
영업/정상,정상영업,서울특별시 금천구 독산동 291번지 7호,서울특별시 금천구 시흥대로 391 (독산동)
영업/정상,정상영업,서울특별시 관악구 중앙동 463번지 4호 메카플러스 지하1층,서울특별시 관악구 양녕로 46 (봉천동)
영업/정상,정상영업,서울특별시 중구 을지로6가 17번지 48호,서울특별시 중구  청계천로  274 (을지로6가)
영업/정상,정상영업,서울특별시 용산구 한강로3가 1번지 1호 나진상가,서울특별시 용산구 청파로 109 나진상가 (한강로3가)
영업/정상,정상영업,서울특별시 강동구 천호동 42번지,서울특별시 강동구 양재대로 1571 (천호동)
영업/정상,정상영업,서울특별시 양천구 목동 919번지 7호,서울특별시 양천구 목동서로 170 (목동)
영업/정상,정상영업,서울특별시 동작구 대방동 341번지 2호,서울특별시 동작구 노량진로 4 (대방동)
영업/정상,정상영업,서울특별시 중랑구 중화2동 314번지 1호,서울특별시 중랑구 동일로129길 35 (중화동)
영업/정상,정상영업,서울특별시 종로구 숭인동 206-9 신설종합시장 숭인동,서울특별시 종로구 난계로27길 51 신설종합시장 숭인동 (숭인동)
영업/정상,정상영업,서울특별시 금천구 가산동 60번지 27호,서울특별시 금천구 디지털로 188 (가산동)
영업/정상,영업개시전,서울특별시 송파구 가락동 191-5,서울특별시 송파구 동남로20길 24 (가락동)
영업/정상,정상영업,서울특별시 용산구 한강로3가 2-8,서울특별시 용산구 청파로 100 12동 2층 (한강로3가)
영업/정상,정상영업,서울특별시 은평구 진관동 79번지 15호,서울특별시 은평구 통일로 1050 (진관동 롯데몰은평점)
영업/정상,정상영업,서울특별시 영등포구 대림3동 784번지,서울특별시 영등포구 대림로 251 (대림동)
영업/정상,정상영업,서울특별시 영등포구 문래동3가 55-16 영등포 SK 리더스뷰,서울특별시 영등포구 문래로 164 영등포 SK 리더스뷰 (문래동3가)
영업/정상,정상영업,서울특별시 종로구 신문로1가 24번지  고려빌딩 1층,서울특별시  새문안로 91 1층 (고려빌딩)
영업/정상,정상영업,,서울특별시 강북구 도봉로 172 (미아동)
영업/정상,정상영업,,서울특별시 서초구 나루터로 37 (잠원동)
영업/정상,정상영업,서울특별시 중구 신당동 193번지 3호,서울특별시 중구 마장로 40 (신당동)
영업/정상,정상영업,서울특별시 관악구 남현동 산 69번지 51호,서울특별시 관악구 과천대로 909 (남현동)
영업/정상,정상영업,서울특별시 양천구 신정7동 324번지 10호 굿모닝탑  103~108호,서울특별시 양천구 목동동로 53 103~108호 (신정동굿모닝탑)
영업/정상,정상영업,서울특별시 송파구 신천동 29번지,서울특별시 송파구 올림픽로 300 (신천동)
영업/정상,정상영업,서울특별시 마포구 노고산동 57번지 1호,서울특별시 마포구  신촌로  94 (노고산동)
영업/정상,정상영업,,서울특별시 강남구 선릉로 660 (삼성동)
영업/정상,정상영업,서울특별시 강북구 미아동 701번지 3호 동북프라자,서울특별시 강북구 솔샘로 233 동북프라자 (미아동)
영업/정상,정상영업,서울특별시 강남구 신사동 510번지 11호,서울특별시 강남구 압구정로2길 46 (신사동)
영업/정상,정상영업,,서울특별시 동대문구 경희대로 20 (회기동)
영업/정상,정상영업,서울특별시 송파구 송파2동 121번지 한양2차아파트 1층 67호호,서울특별시 송파구 가락로 183 1층 67호 (송파동)
영업/정상,정상영업,서울특별시 송파구 문정동 292번지 외 29필지,서울특별시 송파구 충민로 10 (문정동)
영업/정상,정상영업,서울특별시 성동구 금호동3가 332번지,서울특별시 성동구 독서당로 303-11 (금호동3가)
영업/정상,정상영업,서울특별시 은평구 불광동 310번지 131 호,서울특별시 은평구 통일로 850 (불광동)
영업/정상,정상영업,서울특별시 관악구 서원동 1641번지 2호,서울특별시 관악구 신림로 330 (신림동)
영업/정상,정상영업,서울특별시 종로구 숭인동 206-9 신설종합시장,서울특별시 종로구 난계로27길 51 신설종합시장 (숭인동)
영업/정상,정상영업,서울특별시 은평구 응암3동 124번지 17호,서울특별시 은평구 응암로 247 (응암동)
영업/정상,정상영업,서울특별시 영등포구 문래동3가 55번지 3호,서울특별시 영등포구  당산로  42 (문래동3가)
영업/정상,정상영업,,서울특별시 중구 다산로 222 (신당동)
영업/정상,정상영업,서울특별시 강남구 도곡동 518-8 유진빌딩,서울특별시 강남구 논현로28길 9 유진빌딩 (도곡동)
영업/정상,정상영업,,서울특별시 강남구 학동로 176 (논현동)
영업/정상,정상영업,서울특별시 강남구 신사동 660번지 18호,서울특별시 강남구 압구정로46길 5-2 (신사동)
영업/정상,정상영업,서울특별시 노원구 중계2.3동 509번지 2001아울렛,서울특별시 노원구 동일로204가길 46 (중계동)
영업/정상,정상영업,서울특별시 용산구 용산동6가 69번지 167호,서울특별시 용산구 이촌로 352 (용산동6가)
영업/정상,정상영업,서울특별시 영등포구 당산동5가 16번지 7호,서울특별시 영등포구 양평로 47 (당산동5가)
영업/정상,정상영업,서울특별시 강동구 천호동 563번지,서울특별시 강동구 구천면로 189 (천호동)
영업/정상,정상영업,서울특별시 구로구 구로동 573,서울특별시 구로구 구로중앙로 152 (구로동)
영업/정상,정상영업,서울특별시 구로구 고척동 76번지 41호,서울특별시 구로구 중앙로1길 36 (고척동)
영업/정상,영업개시전,서울특별시 강남구 역삼동 676 센터필드,서울특별시 강남구 테헤란로 231 센터필드 (역삼동)
영업/정상,정상영업,서울특별시 은평구 대조동 240호,서울특별시 은평구 불광로 20 (대조동)
영업/정상,정상영업,서울특별시 강남구 압구정동 494호,서울특별시 강남구 압구정로 343 (압구정동 갤러리아백화점)
영업/정상,정상영업,서울특별시 광진구 중곡1동 229번지 5호,서울특별시 광진구 긴고랑로11길 11 (중곡동)
영업/정상,정상영업,서울특별시 용산구 한강로3가 40번지 999호,서울특별시 용산구 한강대로23길 55 (한강로3가)
영업/정상,영업개시전,서울특별시 마포구 염리동 14-149,서울특별시 마포구 대흥로24길 24 마포 프레스티지 자이 아파트 단지 내 상가 A동 115~119호 (염리동)
영업/정상,정상영업,서울특별시 도봉구 방학동 484-7,서울특별시 도봉구 시루봉로 103-1 1층 (방학동)
영업/정상,정상영업,서울특별시 구로구 오류2동 160번지  외 2필지,서울특별시 구로구 서해안로 2293 (오류동외 2필지)
영업/정상,정상영업,서울특별시 구로구 개봉동 324-1 324-11324-13  1층,서울특별시 구로구 개봉로17길 34 (개봉동)
영업/정상,정상영업,서울특별시 은평구 갈현2동 527번지 13호,서울특별시 은평구 서오릉로 222 (갈현동)
영업/정상,정상영업,서울특별시 종로구 인의동 48번지 2호,서울특별시 종로구 종로 183 (인의동 효성주얼리시티)
영업/정상,정상영업,서울특별시 송파구 가락동 479 헬리오시티,서울특별시 송파구 송파대로 345 (가락동 헬리오시티)
영업/정상,정상영업,서울특별시 강동구 성내동 595번지 코오롱 2차아파트,서울특별시 강동구 올림픽로 572 상가동 1층 101102호 (성내동 코오롱 2차아파트)
영업/정상,정상영업,서울특별시 송파구 가락동 88번지 2호,서울특별시 송파구 중대로9길 35 (가락동)
영업/정상,정상영업,서울특별시 강동구 명일2동 15번지 삼익그린맨션 상가동 지층222325,서울특별시 강동구 고덕로 210 (명일동)
영업/정상,정상영업,서울특별시 노원구 상계동 713호,서울특별시 노원구 동일로 1414 (상계동)
영업/정상,정상영업,서울특별시 동작구 사당동 105번지 신동아상가 제1층 101~105 110호,서울특별시 동작구 동작대로29길 110 (사당동 신동아아파트)
영업/정상,정상영업,서울특별시 중랑구 면목7동 650번지 카멜리아 쇼핑센타 1층,서울특별시 중랑구 면목로39길 11 (면목동)
영업/정상,정상영업,서울특별시 동작구 대방동 335번지 17호,서울특별시 동작구 상도로 81 (대방동)
영업/정상,정상영업,서울특별시 동작구 상도동 527번지,서울특별시 동작구 상도로31길 19 (상도동)
영업/정상,정상영업,서울특별시 동대문구 제기동 1019 경동시장,서울특별시 동대문구 고산자로36길 3 경동시장 (제기동)
영업/정상,정상영업,서울특별시 관악구 은천동 937번지 6호 동영빌딩 1층,서울특별시 관악구 은천로 51 (봉천동)
영업/정상,정상영업,서울특별시 동대문구 답십리1동 530번지 11호  외1필지 지층1호~13호,서울특별시 동대문구 고미술로 49 (답십리동)
영업/정상,정상영업,서울특별시 양천구 목5동 904번지 목동4단지아파트 관리동 105호,서울특별시 양천구 목동서로 130 관리동 105호 (목동목동4단지아파트)
영업/정상,정상영업,서울특별시 노원구 상계동 1258 희성오피앙,서울특별시 노원구 동일로 1701 (상계동 희성오피앙)
영업/정상,정상영업,서울특별시 영등포구 당산동2가 30번지 2호,서울특별시 영등포구 영등포로 109 (당산동2가)
영업/정상,정상영업,서울특별시 마포구 동교동 190번지 1호,서울특별시 마포구 양화로 188 (동교동)
영업/정상,정상영업,서울특별시 마포구 도화동 353번지,서울특별시 마포구 도화4길 73 (도화동 현대홈타운)
영업/정상,정상영업,서울특별시 마포구 성산동 515호 월드컵경기장내,서울특별시 마포구 월드컵로 240 (성산동월드컵경기장내)
영업/정상,정상영업,서울특별시 송파구 거여2동 27번지 5호 B101호,서울특별시 오금로 512
영업/정상,정상영업,서울특별시 영등포구 신길3동 259번지 4호,서울특별시 영등포구 가마산로69가길 12 (신길동)
영업/정상,정상영업,서울특별시 영등포구 신길동 101번지 7호,서울특별시 영등포구 영등포로 364 (신길동)
영업/정상,정상영업,서울특별시 강동구 암사1동 473번지 3호,서울특별시 강동구 고덕로24길 50 (암사동)
영업/정상,정상영업,서울특별시 강동구 성내1동 521번지,서울특별시 강동구 풍성로 138 (성내동)
영업/정상,정상영업,서울특별시 송파구 잠실4동 44번지 1호,서울특별시 송파구 석촌호수로 133 (잠실동)
영업/정상,정상영업,서울특별시 송파구 신천동 7번지 12  호,서울특별시 송파구 올림픽로35가길 16 (신천동)
영업/정상,정상영업,서울특별시 노원구 중계동 509번지 2호,서울특별시 노원구 동일로204가길 12 (중계동)
영업/정상,정상영업,서울특별시 강서구 화곡3동 1065번지 8호,서울특별시 강서구 화곡로 153 (화곡동)
영업/정상,정상영업,서울특별시 양천구 목3동 657번지 21호,서울특별시 양천구 등촌로 172 (목동)
영업/정상,정상영업,서울특별시 양천구 신정3동 1183번지 12호,서울특별시 양천구 중앙로 255-1 (신정동)
영업/정상,영업개시전,서울특별시 광진구 구의동 66-61,서울특별시 광진구 광나루로 531 (구의동)
영업/정상,정상영업,서울특별시 중랑구 면목3.8동 499번지 4호,서울특별시 중랑구 면목로 357 (면목동)
영업/정상,정상영업,서울특별시 중랑구 면목동 168번지 2호,서울특별시 중랑구 사가정로 332 (면목동)
영업/정상,정상영업,서울특별시 중랑구 신내2동 645번지,서울특별시 중랑구 신내로 201 (신내동)
